Learner ID,Bubble sort,Quick sort,Selection Sort,Merge sort,Insertion sort
Learner1,"['text', 'example', 'summeries']","['images', 'charts', 'pdf']","['example', 'quiz', 'text']","['quiz', 'charts', 'images']","['example', 'outlines', 'annimation']"
Learner2,"['videos', 'example', 'summeries']","['example', 'quiz', 'outlines']","['text', 'summeries', 'videos']","['summeries', 'quiz', 'annimation']","['charts', 'quiz', 'text']"
Learner3,"['images', 'text', 'charts']","['images', 'quiz', 'annimation']","['example', 'outlines', 'summeries']","['text', 'example', 'summeries']","['example', 'outlines', 'charts']"
Learner4,"['text', 'videos', 'images']","['images', 'charts', 'pdf']","['charts', 'summeries', 'videos']","['images', 'summeries', 'quiz']","['quiz', 'example', 'charts']"
Learner5,"['outlines', 'example', 'videos']","['annimation', 'outlines', 'images']","['outlines', 'charts', 'annimation']","['text', 'summeries', 'images']","['summeries', 'pdf', 'charts']"
Learner6,"['pdf', 'example', 'summeries']","['videos', 'text', 'quiz']","['text', 'example', 'annimation']","['summeries', 'text', 'pdf']","['annimation', 'outlines', 'images']"
Learner7,"['annimation', 'charts', 'outlines']","['example', 'quiz', 'charts']","['videos', 'summeries', 'outlines']","['videos', 'annimation', 'charts']","['videos', 'example', 'annimation']"
Learner8,"['quiz', 'outlines', 'videos']","['outlines', 'annimation', 'videos']","['pdf', 'charts', 'text']","['text', 'images', 'example']","['quiz', 'charts', 'text']"
Learner9,"['images', 'videos', 'summeries']","['pdf', 'example', 'images']","['outlines', 'images', 'text']","['videos', 'quiz', 'summeries']","['summeries', 'annimation', 'example']"
Learner10,"['charts', 'summeries', 'quiz']","['videos', 'example', 'images']","['annimation', 'videos', 'pdf']","['quiz', 'charts', 'images']","['summeries', 'annimation', 'videos']"
Learner11,"['summeries', 'images', 'example']","['outlines', 'summeries', 'charts']","['summeries', 'pdf', 'quiz']","['videos', 'summeries', 'charts']","['videos', 'charts', 'annimation']"
Learner12,"['images', 'summeries', 'videos']","['pdf', 'example', 'videos']","['quiz', 'summeries', 'text']","['charts', 'images', 'example']","['pdf', 'images', 'summeries']"
Learner13,"['example', 'quiz', 'text']","['charts', 'text', 'quiz']","['quiz', 'images', 'text']","['videos', 'example', 'summeries']","['summeries', 'pdf', 'text']"
Learner14,"['images', 'charts', 'example']","['videos', 'summeries', 'images']","['images', 'summeries', 'example']","['charts', 'pdf', 'videos']","['charts', 'pdf', 'summeries']"
Learner15,"['annimation', 'quiz', 'text']","['example', 'text', 'images']","['images', 'charts', 'quiz']","['outlines', 'videos', 'charts']","['example', 'annimation', 'text']"
Learner16,"['charts', 'pdf', 'quiz']","['images', 'outlines', 'summeries']","['annimation', 'charts', 'summeries']","['pdf', 'outlines', 'images']","['charts', 'example', 'summeries']"
Learner17,"['text', 'pdf', 'summeries']","['quiz', 'annimation', 'videos']","['charts', 'quiz', 'outlines']","['summeries', 'outlines', 'pdf']","['summeries', 'quiz', 'pdf']"
Learner18,"['pdf', 'example', 'outlines']","['quiz', 'videos', 'example']","['videos', 'pdf', 'annimation']","['text', 'annimation', 'pdf']","['summeries', 'videos', 'pdf']"
Learner19,"['charts', 'pdf', 'outlines']","['outlines', 'summeries', 'videos']","['example', 'pdf', 'text']","['summeries', 'quiz', 'text']","['annimation', 'quiz', 'images']"
Learner20,"['summeries', 'annimation', 'text']","['videos', 'quiz', 'outlines']","['images', 'text', 'outlines']","['videos', 'example', 'quiz']","['annimation', 'summeries', 'example']"
Learner21,"['summeries', 'charts', 'outlines']","['summeries', 'charts', 'images']","['charts', 'outlines', 'images']","['pdf', 'images', 'example']","['outlines', 'pdf', 'text']"
Learner22,"['quiz', 'example', 'pdf']","['outlines', 'text', 'charts']","['quiz', 'text', 'summeries']","['pdf', 'summeries', 'annimation']","['images', 'summeries', 'annimation']"
Learner23,"['annimation', 'quiz', 'summeries']","['quiz', 'annimation', 'pdf']","['images', 'pdf', 'videos']","['images', 'videos', 'summeries']","['quiz', 'text', 'outlines']"
Learner24,"['summeries', 'outlines', 'text']","['annimation', 'videos', 'pdf']","['charts', 'outlines', 'annimation']","['images', 'outlines', 'pdf']","['pdf', 'charts', 'summeries']"
Learner25,"['summeries', 'quiz', 'images']","['summeries', 'charts', 'example']","['pdf', 'charts', 'text']","['pdf', 'summeries', 'images']","['videos', 'quiz', 'charts']"
Learner26,"['example', 'text', 'images']","['text', 'pdf', 'annimation']","['annimation', 'images', 'example']","['summeries', 'images', 'charts']","['images', 'outlines', 'pdf']"
Learner27,"['images', 'charts', 'annimation']","['images', 'summeries', 'charts']","['outlines', 'annimation', 'images']","['outlines', 'images', 'text']","['outlines', 'text', 'quiz']"
Learner28,"['summeries', 'text', 'charts']","['images', 'text', 'outlines']","['summeries', 'outlines', 'charts']","['videos', 'pdf', 'example']","['images', 'videos', 'example']"
Learner29,"['charts', 'annimation', 'images']","['outlines', 'text', 'pdf']","['charts', 'summeries', 'videos']","['quiz', 'pdf', 'videos']","['summeries', 'text', 'images']"
Learner30,"['pdf', 'summeries', 'charts']","['images', 'quiz', 'outlines']","['outlines', 'images', 'charts']","['images', 'pdf', 'videos']","['outlines', 'pdf', 'quiz']"
Learner31,"['images', 'charts', 'text']","['text', 'charts', 'videos']","['summeries', 'videos', 'text']","['charts', 'pdf', 'text']","['images', 'quiz', 'pdf']"
Learner32,"['text', 'quiz', 'images']","['pdf', 'text', 'example']","['videos', 'images', 'annimation']","['quiz', 'example', 'pdf']","['example', 'text', 'summeries']"
Learner33,"['summeries', 'outlines', 'images']","['quiz', 'summeries', 'text']","['pdf', 'summeries', 'quiz']","['pdf', 'quiz', 'annimation']","['example', 'videos', 'text']"
Learner34,"['summeries', 'quiz', 'annimation']","['annimation', 'quiz', 'videos']","['quiz', 'summeries', 'example']","['outlines', 'quiz', 'text']","['charts', 'annimation', 'pdf']"
Learner35,"['text', 'outlines', 'charts']","['text', 'pdf', 'images']","['outlines', 'annimation', 'text']","['text', 'videos', 'annimation']","['summeries', 'images', 'pdf']"
Learner36,"['text', 'outlines', 'summeries']","['text', 'outlines', 'videos']","['summeries', 'example', 'outlines']","['text', 'annimation', 'outlines']","['text', 'images', 'annimation']"
Learner37,"['example', 'quiz', 'annimation']","['charts', 'text', 'images']","['charts', 'summeries', 'text']","['videos', 'quiz', 'outlines']","['example', 'annimation', 'text']"
Learner38,"['annimation', 'images', 'quiz']","['outlines', 'images', 'summeries']","['charts', 'example', 'images']","['summeries', 'outlines', 'images']","['text', 'example', 'pdf']"
Learner39,"['example', 'summeries', 'images']","['images', 'videos', 'text']","['charts', 'text', 'videos']","['charts', 'pdf', 'quiz']","['charts', 'annimation', 'pdf']"
Learner40,"['example', 'videos', 'charts']","['images', 'charts', 'outlines']","['videos', 'pdf', 'images']","['videos', 'text', 'example']","['text', 'quiz', 'example']"
Learner41,"['outlines', 'charts', 'text']","['quiz', 'annimation', 'summeries']","['images', 'text', 'summeries']","['pdf', 'images', 'charts']","['text', 'outlines', 'example']"
Learner42,"['pdf', 'quiz', 'annimation']","['videos', 'images', 'charts']","['videos', 'outlines', 'images']","['quiz', 'videos', 'pdf']","['videos', 'pdf', 'example']"
Learner43,"['quiz', 'pdf', 'images']","['summeries', 'text', 'pdf']","['charts', 'annimation', 'images']","['summeries', 'videos', 'outlines']","['charts', 'text', 'annimation']"
Learner44,"['pdf', 'summeries', 'quiz']","['quiz', 'summeries', 'videos']","['annimation', 'summeries', 'text']","['summeries', 'images', 'text']","['summeries', 'quiz', 'example']"
Learner45,"['example', 'text', 'quiz']","['annimation', 'images', 'videos']","['annimation', 'quiz', 'images']","['example', 'annimation', 'outlines']","['annimation', 'outlines', 'images']"
Learner46,"['pdf', 'summeries', 'example']","['pdf', 'videos', 'summeries']","['summeries', 'outlines', 'quiz']","['example', 'annimation', 'outlines']","['example', 'quiz', 'text']"
Learner47,"['charts', 'annimation', 'pdf']","['charts', 'pdf', 'annimation']","['charts', 'videos', 'summeries']","['charts', 'videos', 'example']","['summeries', 'example', 'quiz']"
Learner48,"['summeries', 'outlines', 'quiz']","['pdf', 'example', 'text']","['quiz', 'charts', 'annimation']","['summeries', 'pdf', 'annimation']","['annimation', 'outlines', 'images']"
Learner49,"['example', 'outlines', 'videos']","['quiz', 'videos', 'charts']","['outlines', 'images', 'pdf']","['outlines', 'videos', 'text']","['summeries', 'videos', 'charts']"
Learner50,"['annimation', 'summeries', 'pdf']","['text', 'example', 'outlines']","['example', 'images', 'charts']","['images', 'outlines', 'text']","['summeries', 'pdf', 'quiz']"
Learner51,"['outlines', 'images', 'quiz']","['text', 'annimation', 'outlines']","['example', 'quiz', 'charts']","['images', 'example', 'text']","['example', 'videos', 'annimation']"
Learner52,"['summeries', 'annimation', 'videos']","['charts', 'videos', 'summeries']","['charts', 'quiz', 'outlines']","['videos', 'quiz', 'charts']","['text', 'videos', 'outlines']"
Learner53,"['pdf', 'text', 'outlines']","['summeries', 'text', 'charts']","['summeries', 'example', 'videos']","['annimation', 'quiz', 'pdf']","['pdf', 'outlines', 'quiz']"
Learner54,"['charts', 'images', 'example']","['charts', 'summeries', 'annimation']","['quiz', 'charts', 'images']","['images', 'charts', 'pdf']","['quiz', 'annimation', 'summeries']"
Learner55,"['example', 'quiz', 'charts']","['example', 'annimation', 'quiz']","['quiz', 'videos', 'pdf']","['text', 'quiz', 'videos']","['example', 'images', 'quiz']"
Learner56,"['text', 'charts', 'pdf']","['pdf', 'charts', 'summeries']","['annimation', 'images', 'text']","['outlines', 'text', 'example']","['videos', 'images', 'example']"
Learner57,"['outlines', 'charts', 'example']","['summeries', 'videos', 'annimation']","['example', 'pdf', 'text']","['annimation', 'outlines', 'videos']","['charts', 'text', 'outlines']"
Learner58,"['videos', 'images', 'text']","['pdf', 'charts', 'summeries']","['videos', 'text', 'annimation']","['summeries', 'videos', 'pdf']","['text', 'outlines', 'example']"
Learner59,"['outlines', 'text', 'summeries']","['videos', 'example', 'quiz']","['charts', 'videos', 'quiz']","['videos', 'pdf', 'text']","['pdf', 'videos', 'example']"
Learner60,"['example', 'images', 'summeries']","['quiz', 'images', 'pdf']","['example', 'videos', 'charts']","['pdf', 'example', 'images']","['annimation', 'pdf', 'videos']"
Learner61,"['outlines', 'images', 'annimation']","['text', 'example', 'quiz']","['charts', 'outlines', 'annimation']","['images', 'videos', 'text']","['annimation', 'charts', 'text']"
Learner62,"['quiz', 'videos', 'text']","['images', 'pdf', 'annimation']","['quiz', 'text', 'videos']","['videos', 'images', 'outlines']","['text', 'example', 'quiz']"
Learner63,"['quiz', 'annimation', 'charts']","['charts', 'example', 'pdf']","['example', 'charts', 'images']","['pdf', 'example', 'summeries']","['text', 'quiz', 'example']"
Learner64,"['outlines', 'pdf', 'videos']","['text', 'videos', 'outlines']","['example', 'pdf', 'quiz']","['charts', 'pdf', 'annimation']","['example', 'videos', 'text']"
Learner65,"['quiz', 'outlines', 'annimation']","['images', 'text', 'videos']","['annimation', 'text', 'images']","['charts', 'images', 'text']","['pdf', 'example', 'annimation']"
Learner66,"['videos', 'outlines', 'summeries']","['summeries', 'charts', 'example']","['images', 'pdf', 'charts']","['videos', 'charts', 'quiz']","['quiz', 'videos', 'annimation']"
Learner67,"['videos', 'example', 'pdf']","['videos', 'summeries', 'charts']","['annimation', 'outlines', 'summeries']","['outlines', 'pdf', 'annimation']","['outlines', 'videos', 'charts']"
Learner68,"['annimation', 'pdf', 'videos']","['images', 'example', 'summeries']","['quiz', 'example', 'annimation']","['charts', 'outlines', 'videos']","['summeries', 'example', 'annimation']"
Learner69,"['summeries', 'annimation', 'example']","['quiz', 'pdf', 'images']","['example', 'text', 'images']","['charts', 'outlines', 'summeries']","['summeries', 'videos', 'images']"
Learner70,"['images', 'charts', 'example']","['pdf', 'annimation', 'charts']","['charts', 'videos', 'summeries']","['annimation', 'summeries', 'pdf']","['charts', 'text', 'annimation']"
Learner71,"['summeries', 'pdf', 'videos']","['summeries', 'example', 'text']","['charts', 'images', 'pdf']","['annimation', 'example', 'outlines']","['quiz', 'example', 'annimation']"
Learner72,"['text', 'summeries', 'quiz']","['summeries', 'videos', 'text']","['pdf', 'charts', 'outlines']","['quiz', 'summeries', 'pdf']","['text', 'example', 'images']"
Learner73,"['quiz', 'annimation', 'images']","['example', 'videos', 'text']","['example', 'images', 'videos']","['annimation', 'outlines', 'charts']","['pdf', 'summeries', 'text']"
Learner74,"['videos', 'quiz', 'annimation']","['videos', 'annimation', 'summeries']","['images', 'videos', 'text']","['annimation', 'videos', 'outlines']","['videos', 'charts', 'images']"
Learner75,"['pdf', 'videos', 'charts']","['images', 'example', 'outlines']","['quiz', 'annimation', 'summeries']","['text', 'quiz', 'annimation']","['quiz', 'annimation', 'text']"
Learner76,"['example', 'annimation', 'videos']","['annimation', 'charts', 'pdf']","['images', 'outlines', 'example']","['images', 'annimation', 'quiz']","['example', 'images', 'videos']"
Learner77,"['summeries', 'pdf', 'text']","['summeries', 'text', 'example']","['example', 'text', 'annimation']","['outlines', 'example', 'pdf']","['summeries', 'example', 'videos']"
Learner78,"['images', 'charts', 'quiz']","['summeries', 'pdf', 'images']","['outlines', 'annimation', 'summeries']","['images', 'annimation', 'example']","['outlines', 'videos', 'example']"
Learner79,"['outlines', 'charts', 'pdf']","['images', 'text', 'summeries']","['quiz', 'pdf', 'text']","['images', 'summeries', 'videos']","['summeries', 'quiz', 'example']"
Learner80,"['annimation', 'images', 'outlines']","['annimation', 'outlines', 'quiz']","['example', 'pdf', 'charts']","['charts', 'summeries', 'outlines']","['charts', 'videos', 'images']"
Learner81,"['outlines', 'text', 'charts']","['example', 'videos', 'quiz']","['outlines', 'example', 'summeries']","['charts', 'annimation', 'text']","['pdf', 'charts', 'summeries']"
Learner82,"['videos', 'annimation', 'summeries']","['outlines', 'annimation', 'text']","['example', 'text', 'charts']","['pdf', 'outlines', 'annimation']","['videos', 'images', 'outlines']"
Learner83,"['example', 'quiz', 'annimation']","['videos', 'pdf', 'text']","['videos', 'quiz', 'pdf']","['annimation', 'outlines', 'quiz']","['summeries', 'images', 'videos']"
Learner84,"['images', 'outlines', 'quiz']","['videos', 'images', 'outlines']","['videos', 'outlines', 'pdf']","['pdf', 'summeries', 'annimation']","['text', 'annimation', 'outlines']"
Learner85,"['annimation', 'summeries', 'text']","['quiz', 'images', 'example']","['pdf', 'charts', 'text']","['annimation', 'example', 'outlines']","['outlines', 'quiz', 'annimation']"
Learner86,"['images', 'charts', 'example']","['pdf', 'text', 'example']","['text', 'annimation', 'images']","['pdf', 'quiz', 'summeries']","['text', 'outlines', 'quiz']"
Learner87,"['annimation', 'quiz', 'outlines']","['outlines', 'text', 'quiz']","['pdf', 'summeries', 'example']","['pdf', 'quiz', 'example']","['videos', 'quiz', 'example']"
Learner88,"['text', 'videos', 'images']","['pdf', 'videos', 'example']","['text', 'charts', 'annimation']","['images', 'outlines', 'pdf']","['text', 'videos', 'pdf']"
Learner89,"['quiz', 'outlines', 'annimation']","['outlines', 'charts', 'pdf']","['videos', 'annimation', 'quiz']","['text', 'images', 'outlines']","['outlines', 'annimation', 'videos']"
Learner90,"['summeries', 'pdf', 'videos']","['images', 'pdf', 'example']","['summeries', 'pdf', 'text']","['pdf', 'text', 'example']","['text', 'images', 'charts']"
Learner91,"['quiz', 'example', 'outlines']","['pdf', 'summeries', 'quiz']","['summeries', 'text', 'annimation']","['pdf', 'example', 'videos']","['text', 'quiz', 'summeries']"
Learner92,"['videos', 'outlines', 'annimation']","['outlines', 'pdf', 'example']","['text', 'videos', 'annimation']","['images', 'videos', 'charts']","['charts', 'videos', 'pdf']"
Learner93,"['outlines', 'quiz', 'pdf']","['pdf', 'summeries', 'example']","['example', 'quiz', 'summeries']","['videos', 'outlines', 'text']","['summeries', 'text', 'quiz']"
Learner94,"['annimation', 'pdf', 'quiz']","['outlines', 'videos', 'quiz']","['pdf', 'images', 'summeries']","['text', 'charts', 'summeries']","['annimation', 'summeries', 'example']"
Learner95,"['images', 'text', 'annimation']","['images', 'charts', 'pdf']","['videos', 'text', 'charts']","['summeries', 'quiz', 'charts']","['images', 'annimation', 'text']"
Learner96,"['example', 'charts', 'summeries']","['videos', 'images', 'text']","['example', 'charts', 'annimation']","['pdf', 'charts', 'summeries']","['text', 'outlines', 'images']"
Learner97,"['pdf', 'text', 'example']","['outlines', 'images', 'example']","['pdf', 'example', 'outlines']","['images', 'charts', 'text']","['summeries', 'charts', 'videos']"
Learner98,"['annimation', 'pdf', 'summeries']","['text', 'example', 'quiz']","['images', 'pdf', 'annimation']","['text', 'images', 'charts']","['text', 'quiz', 'pdf']"
Learner99,"['charts', 'example', 'videos']","['quiz', 'text', 'pdf']","['annimation', 'pdf', 'example']","['pdf', 'videos', 'annimation']","['charts', 'text', 'example']"
Learner100,"['example', 'outlines', 'pdf']","['outlines', 'images', 'text']","['videos', 'charts', 'outlines']","['charts', 'outlines', 'quiz']","['outlines', 'annimation', 'summeries']"
Learner101,"['pdf', 'images', 'annimation']","['example', 'summeries', 'videos']","['annimation', 'charts', 'videos']","['outlines', 'example', 'summeries']","['charts', 'annimation', 'outlines']"
Learner102,"['summeries', 'text', 'images']","['charts', 'text', 'images']","['pdf', 'charts', 'outlines']","['charts', 'videos', 'outlines']","['outlines', 'text', 'example']"
Learner103,"['summeries', 'outlines', 'example']","['videos', 'quiz', 'annimation']","['videos', 'pdf', 'summeries']","['annimation', 'images', 'videos']","['quiz', 'outlines', 'example']"
Learner104,"['charts', 'videos', 'images']","['annimation', 'charts', 'text']","['text', 'charts', 'images']","['outlines', 'example', 'text']","['pdf', 'summeries', 'videos']"
Learner105,"['charts', 'pdf', 'quiz']","['outlines', 'example', 'summeries']","['annimation', 'charts', 'text']","['summeries', 'videos', 'text']","['text', 'charts', 'quiz']"
Learner106,"['charts', 'videos', 'example']","['pdf', 'outlines', 'quiz']","['charts', 'summeries', 'videos']","['summeries', 'images', 'quiz']","['example', 'pdf', 'quiz']"
Learner107,"['annimation', 'example', 'summeries']","['example', 'outlines', 'pdf']","['annimation', 'summeries', 'quiz']","['pdf', 'charts', 'annimation']","['videos', 'summeries', 'text']"
Learner108,"['images', 'summeries', 'annimation']","['videos', 'pdf', 'charts']","['outlines', 'text', 'example']","['videos', 'text', 'pdf']","['charts', 'example', 'images']"
Learner109,"['outlines', 'annimation', 'quiz']","['example', 'pdf', 'images']","['images', 'charts', 'quiz']","['annimation', 'text', 'charts']","['pdf', 'videos', 'charts']"
Learner110,"['outlines', 'charts', 'example']","['example', 'charts', 'pdf']","['annimation', 'example', 'videos']","['charts', 'videos', 'quiz']","['outlines', 'summeries', 'videos']"
Learner111,"['outlines', 'pdf', 'text']","['outlines', 'quiz', 'videos']","['text', 'pdf', 'example']","['example', 'images', 'pdf']","['images', 'example', 'charts']"
Learner112,"['summeries', 'charts', 'annimation']","['videos', 'pdf', 'quiz']","['example', 'quiz', 'annimation']","['example', 'text', 'pdf']","['summeries', 'example', 'annimation']"
Learner113,"['charts', 'text', 'images']","['summeries', 'charts', 'videos']","['example', 'text', 'quiz']","['text', 'videos', 'pdf']","['example', 'quiz', 'summeries']"
Learner114,"['images', 'videos', 'pdf']","['annimation', 'charts', 'outlines']","['charts', 'outlines', 'text']","['example', 'pdf', 'charts']","['example', 'annimation', 'quiz']"
Learner115,"['annimation', 'videos', 'example']","['example', 'outlines', 'annimation']","['quiz', 'pdf', 'example']","['annimation', 'videos', 'quiz']","['videos', 'text', 'images']"
Learner116,"['example', 'videos', 'images']","['images', 'summeries', 'videos']","['outlines', 'videos', 'charts']","['charts', 'summeries', 'outlines']","['annimation', 'videos', 'text']"
Learner117,"['quiz', 'videos', 'pdf']","['annimation', 'quiz', 'pdf']","['videos', 'summeries', 'pdf']","['videos', 'images', 'annimation']","['annimation', 'summeries', 'charts']"
Learner118,"['annimation', 'charts', 'summeries']","['charts', 'pdf', 'outlines']","['pdf', 'annimation', 'text']","['charts', 'summeries', 'videos']","['videos', 'charts', 'pdf']"
Learner119,"['example', 'images', 'summeries']","['videos', 'images', 'outlines']","['summeries', 'charts', 'images']","['summeries', 'videos', 'annimation']","['charts', 'example', 'summeries']"
Learner120,"['pdf', 'videos', 'annimation']","['summeries', 'annimation', 'example']","['videos', 'example', 'quiz']","['pdf', 'example', 'summeries']","['charts', 'pdf', 'quiz']"
Learner121,"['outlines', 'pdf', 'summeries']","['example', 'pdf', 'images']","['charts', 'summeries', 'quiz']","['images', 'charts', 'pdf']","['text', 'charts', 'summeries']"
Learner122,"['images', 'outlines', 'pdf']","['videos', 'outlines', 'example']","['text', 'videos', 'quiz']","['charts', 'example', 'outlines']","['charts', 'example', 'images']"
Learner123,"['charts', 'pdf', 'summeries']","['images', 'charts', 'summeries']","['text', 'pdf', 'summeries']","['pdf', 'text', 'annimation']","['videos', 'text', 'images']"
Learner124,"['annimation', 'charts', 'quiz']","['text', 'summeries', 'charts']","['summeries', 'quiz', 'annimation']","['charts', 'annimation', 'summeries']","['summeries', 'images', 'videos']"
Learner125,"['annimation', 'text', 'quiz']","['pdf', 'quiz', 'videos']","['example', 'images', 'outlines']","['quiz', 'outlines', 'videos']","['example', 'videos', 'annimation']"
Learner126,"['example', 'pdf', 'charts']","['annimation', 'pdf', 'images']","['quiz', 'text', 'videos']","['videos', 'example', 'quiz']","['pdf', 'images', 'charts']"
Learner127,"['summeries', 'charts', 'pdf']","['quiz', 'outlines', 'annimation']","['quiz', 'charts', 'example']","['outlines', 'annimation', 'images']","['quiz', 'outlines', 'images']"
Learner128,"['quiz', 'charts', 'pdf']","['example', 'outlines', 'annimation']","['text', 'images', 'charts']","['example', 'text', 'videos']","['videos', 'pdf', 'quiz']"
Learner129,"['annimation', 'videos', 'quiz']","['outlines', 'images', 'pdf']","['charts', 'videos', 'summeries']","['text', 'pdf', 'videos']","['quiz', 'example', 'pdf']"
Learner130,"['outlines', 'images', 'quiz']","['outlines', 'example', 'annimation']","['text', 'pdf', 'quiz']","['example', 'text', 'images']","['annimation', 'example', 'videos']"
Learner131,"['pdf', 'images', 'videos']","['text', 'summeries', 'videos']","['outlines', 'quiz', 'text']","['images', 'annimation', 'charts']","['videos', 'annimation', 'images']"
Learner132,"['example', 'text', 'charts']","['images', 'example', 'quiz']","['annimation', 'pdf', 'videos']","['pdf', 'summeries', 'annimation']","['text', 'pdf', 'videos']"
Learner133,"['summeries', 'pdf', 'outlines']","['videos', 'summeries', 'quiz']","['text', 'outlines', 'charts']","['quiz', 'outlines', 'summeries']","['outlines', 'charts', 'quiz']"
Learner134,"['images', 'outlines', 'summeries']","['text', 'annimation', 'outlines']","['pdf', 'images', 'outlines']","['images', 'videos', 'annimation']","['example', 'outlines', 'quiz']"
Learner135,"['charts', 'text', 'images']","['outlines', 'quiz', 'annimation']","['example', 'charts', 'quiz']","['pdf', 'outlines', 'images']","['outlines', 'text', 'quiz']"
Learner136,"['pdf', 'annimation', 'summeries']","['images', 'charts', 'text']","['example', 'annimation', 'pdf']","['annimation', 'pdf', 'images']","['outlines', 'images', 'pdf']"
Learner137,"['example', 'annimation', 'charts']","['images', 'example', 'text']","['images', 'annimation', 'charts']","['outlines', 'charts', 'videos']","['outlines', 'example', 'pdf']"
Learner138,"['quiz', 'images', 'charts']","['quiz', 'example', 'images']","['text', 'outlines', 'summeries']","['charts', 'outlines', 'images']","['quiz', 'annimation', 'charts']"
Learner139,"['images', 'example', 'annimation']","['quiz', 'pdf', 'summeries']","['text', 'charts', 'quiz']","['images', 'videos', 'example']","['text', 'charts', 'example']"
Learner140,"['videos', 'text', 'images']","['quiz', 'outlines', 'example']","['summeries', 'text', 'quiz']","['text', 'example', 'images']","['summeries', 'images', 'outlines']"
Learner141,"['quiz', 'summeries', 'annimation']","['images', 'pdf', 'example']","['example', 'summeries', 'videos']","['pdf', 'images', 'summeries']","['quiz', 'outlines', 'annimation']"
Learner142,"['annimation', 'summeries', 'quiz']","['outlines', 'quiz', 'text']","['pdf', 'images', 'example']","['summeries', 'videos', 'text']","['quiz', 'charts', 'example']"
Learner143,"['pdf', 'outlines', 'example']","['images', 'outlines', 'example']","['images', 'annimation', 'example']","['videos', 'text', 'annimation']","['text', 'charts', 'annimation']"
Learner144,"['summeries', 'example', 'videos']","['annimation', 'charts', 'pdf']","['outlines', 'pdf', 'charts']","['example', 'images', 'summeries']","['outlines', 'summeries', 'videos']"
Learner145,"['example', 'pdf', 'charts']","['pdf', 'quiz', 'outlines']","['summeries', 'quiz', 'outlines']","['outlines', 'charts', 'images']","['charts', 'outlines', 'videos']"
Learner146,"['images', 'quiz', 'pdf']","['annimation', 'images', 'videos']","['videos', 'images', 'pdf']","['images', 'pdf', 'outlines']","['text', 'charts', 'quiz']"
Learner147,"['quiz', 'pdf', 'videos']","['example', 'annimation', 'images']","['summeries', 'images', 'charts']","['text', 'annimation', 'pdf']","['summeries', 'annimation', 'quiz']"
Learner148,"['videos', 'outlines', 'example']","['videos', 'pdf', 'outlines']","['videos', 'quiz', 'annimation']","['annimation', 'text', 'videos']","['example', 'summeries', 'annimation']"
Learner149,"['text', 'annimation', 'summeries']","['example', 'annimation', 'videos']","['quiz', 'annimation', 'outlines']","['annimation', 'charts', 'videos']","['images', 'charts', 'text']"
Learner150,"['quiz', 'annimation', 'example']","['images', 'text', 'summeries']","['charts', 'images', 'example']","['quiz', 'outlines', 'images']","['quiz', 'outlines', 'videos']"
Learner151,"['annimation', 'text', 'summeries']","['pdf', 'videos', 'example']","['images', 'outlines', 'videos']","['pdf', 'outlines', 'text']","['pdf', 'outlines', 'summeries']"
Learner152,"['text', 'outlines', 'pdf']","['charts', 'annimation', 'text']","['outlines', 'text', 'annimation']","['images', 'summeries', 'text']","['outlines', 'charts', 'example']"
Learner153,"['summeries', 'charts', 'example']","['example', 'images', 'charts']","['summeries', 'videos', 'outlines']","['images', 'videos', 'summeries']","['pdf', 'summeries', 'text']"
Learner154,"['quiz', 'annimation', 'videos']","['videos', 'text', 'example']","['images', 'charts', 'videos']","['text', 'videos', 'annimation']","['outlines', 'videos', 'example']"
Learner155,"['text', 'example', 'quiz']","['pdf', 'outlines', 'text']","['images', 'charts', 'example']","['outlines', 'text', 'pdf']","['images', 'summeries', 'charts']"
Learner156,"['example', 'charts', 'annimation']","['annimation', 'example', 'summeries']","['videos', 'outlines', 'summeries']","['summeries', 'pdf', 'annimation']","['outlines', 'text', 'videos']"
Learner157,"['example', 'images', 'outlines']","['outlines', 'example', 'videos']","['annimation', 'text', 'charts']","['annimation', 'summeries', 'text']","['text', 'example', 'images']"
Learner158,"['quiz', 'charts', 'outlines']","['outlines', 'quiz', 'videos']","['images', 'videos', 'pdf']","['images', 'text', 'pdf']","['summeries', 'text', 'charts']"
Learner159,"['pdf', 'images', 'quiz']","['summeries', 'outlines', 'quiz']","['annimation', 'example', 'text']","['outlines', 'charts', 'text']","['charts', 'images', 'example']"
Learner160,"['charts', 'quiz', 'images']","['annimation', 'outlines', 'videos']","['pdf', 'example', 'annimation']","['videos', 'quiz', 'summeries']","['text', 'outlines', 'annimation']"
Learner161,"['quiz', 'images', 'charts']","['summeries', 'example', 'annimation']","['summeries', 'outlines', 'example']","['quiz', 'annimation', 'example']","['summeries', 'images', 'videos']"
Learner162,"['text', 'videos', 'example']","['images', 'text', 'example']","['outlines', 'example', 'images']","['outlines', 'charts', 'annimation']","['quiz', 'annimation', 'text']"
Learner163,"['images', 'outlines', 'annimation']","['videos', 'charts', 'example']","['pdf', 'text', 'charts']","['pdf', 'example', 'annimation']","['images', 'annimation', 'charts']"
Learner164,"['annimation', 'quiz', 'videos']","['example', 'summeries', 'quiz']","['text', 'quiz', 'charts']","['videos', 'images', 'charts']","['quiz', 'annimation', 'videos']"
Learner165,"['text', 'charts', 'example']","['example', 'videos', 'charts']","['charts', 'summeries', 'pdf']","['annimation', 'quiz', 'images']","['charts', 'outlines', 'images']"
Learner166,"['images', 'videos', 'quiz']","['annimation', 'text', 'example']","['videos', 'text', 'example']","['quiz', 'images', 'text']","['images', 'quiz', 'charts']"
Learner167,"['pdf', 'quiz', 'example']","['images', 'example', 'text']","['charts', 'quiz', 'videos']","['pdf', 'summeries', 'outlines']","['outlines', 'quiz', 'text']"
Learner168,"['text', 'summeries', 'example']","['summeries', 'outlines', 'pdf']","['annimation', 'pdf', 'charts']","['annimation', 'text', 'videos']","['images', 'pdf', 'summeries']"
Learner169,"['videos', 'summeries', 'outlines']","['outlines', 'images', 'videos']","['quiz', 'videos', 'summeries']","['annimation', 'summeries', 'images']","['summeries', 'text', 'annimation']"
Learner170,"['pdf', 'quiz', 'images']","['text', 'outlines', 'example']","['images', 'videos', 'outlines']","['summeries', 'quiz', 'outlines']","['images', 'summeries', 'quiz']"
Learner171,"['annimation', 'text', 'videos']","['pdf', 'outlines', 'example']","['text', 'summeries', 'pdf']","['videos', 'quiz', 'example']","['annimation', 'pdf', 'summeries']"
Learner172,"['charts', 'example', 'summeries']","['pdf', 'annimation', 'outlines']","['text', 'images', 'summeries']","['images', 'videos', 'example']","['images', 'example', 'quiz']"
Learner173,"['videos', 'example', 'charts']","['charts', 'videos', 'quiz']","['annimation', 'charts', 'outlines']","['pdf', 'outlines', 'summeries']","['annimation', 'summeries', 'example']"
Learner174,"['videos', 'images', 'annimation']","['quiz', 'summeries', 'images']","['text', 'charts', 'images']","['annimation', 'example', 'images']","['example', 'annimation', 'summeries']"
Learner175,"['summeries', 'images', 'text']","['pdf', 'summeries', 'text']","['summeries', 'pdf', 'example']","['quiz', 'pdf', 'annimation']","['pdf', 'images', 'annimation']"
Learner176,"['charts', 'text', 'annimation']","['pdf', 'example', 'videos']","['images', 'example', 'annimation']","['charts', 'outlines', 'annimation']","['text', 'outlines', 'quiz']"
Learner177,"['example', 'annimation', 'text']","['annimation', 'charts', 'videos']","['images', 'quiz', 'summeries']","['images', 'outlines', 'summeries']","['images', 'pdf', 'example']"
Learner178,"['text', 'example', 'videos']","['pdf', 'annimation', 'images']","['example', 'videos', 'quiz']","['charts', 'summeries', 'outlines']","['text', 'annimation', 'example']"
Learner179,"['images', 'outlines', 'example']","['images', 'text', 'charts']","['videos', 'charts', 'outlines']","['example', 'text', 'videos']","['videos', 'images', 'text']"
Learner180,"['pdf', 'example', 'videos']","['pdf', 'text', 'annimation']","['charts', 'text', 'annimation']","['text', 'example', 'charts']","['text', 'example', 'charts']"
Learner181,"['annimation', 'charts', 'images']","['text', 'annimation', 'quiz']","['example', 'pdf', 'summeries']","['quiz', 'annimation', 'videos']","['annimation', 'charts', 'text']"
Learner182,"['quiz', 'images', 'charts']","['outlines', 'pdf', 'videos']","['example', 'images', 'pdf']","['summeries', 'annimation', 'charts']","['charts', 'quiz', 'annimation']"
Learner183,"['quiz', 'outlines', 'text']","['quiz', 'text', 'images']","['videos', 'annimation', 'example']","['videos', 'pdf', 'quiz']","['videos', 'annimation', 'text']"
Learner184,"['pdf', 'images', 'summeries']","['videos', 'outlines', 'charts']","['annimation', 'text', 'summeries']","['annimation', 'text', 'pdf']","['outlines', 'annimation', 'images']"
Learner185,"['videos', 'pdf', 'annimation']","['outlines', 'quiz', 'text']","['images', 'videos', 'example']","['outlines', 'summeries', 'charts']","['pdf', 'images', 'example']"
Learner186,"['pdf', 'videos', 'charts']","['example', 'quiz', 'charts']","['example', 'images', 'summeries']","['summeries', 'annimation', 'charts']","['annimation', 'example', 'videos']"
Learner187,"['quiz', 'videos', 'charts']","['annimation', 'quiz', 'images']","['outlines', 'quiz', 'annimation']","['text', 'quiz', 'outlines']","['text', 'outlines', 'summeries']"
Learner188,"['pdf', 'charts', 'text']","['annimation', 'pdf', 'videos']","['outlines', 'videos', 'charts']","['summeries', 'text', 'annimation']","['annimation', 'charts', 'images']"
Learner189,"['example', 'text', 'annimation']","['quiz', 'annimation', 'outlines']","['summeries', 'example', 'outlines']","['charts', 'example', 'videos']","['summeries', 'charts', 'example']"
Learner190,"['images', 'annimation', 'quiz']","['images', 'summeries', 'charts']","['videos', 'quiz', 'text']","['quiz', 'videos', 'outlines']","['summeries', 'example', 'images']"
Learner191,"['summeries', 'text', 'outlines']","['charts', 'images', 'example']","['images', 'outlines', 'text']","['summeries', 'quiz', 'outlines']","['outlines', 'videos', 'text']"
Learner192,"['example', 'quiz', 'images']","['outlines', 'charts', 'videos']","['annimation', 'pdf', 'quiz']","['text', 'example', 'images']","['text', 'quiz', 'annimation']"
Learner193,"['example', 'quiz', 'annimation']","['annimation', 'pdf', 'videos']","['charts', 'outlines', 'videos']","['images', 'videos', 'charts']","['outlines', 'summeries', 'annimation']"
Learner194,"['example', 'quiz', 'images']","['quiz', 'text', 'example']","['annimation', 'quiz', 'text']","['quiz', 'annimation', 'summeries']","['example', 'summeries', 'images']"
Learner195,"['images', 'videos', 'summeries']","['example', 'outlines', 'quiz']","['example', 'pdf', 'outlines']","['pdf', 'text', 'example']","['videos', 'annimation', 'images']"
Learner196,"['quiz', 'images', 'summeries']","['example', 'videos', 'summeries']","['outlines', 'images', 'pdf']","['annimation', 'videos', 'charts']","['summeries', 'example', 'annimation']"
Learner197,"['images', 'summeries', 'outlines']","['videos', 'pdf', 'annimation']","['videos', 'images', 'summeries']","['quiz', 'example', 'charts']","['videos', 'annimation', 'charts']"
Learner198,"['quiz', 'summeries', 'outlines']","['annimation', 'outlines', 'summeries']","['summeries', 'example', 'outlines']","['charts', 'outlines', 'example']","['summeries', 'example', 'images']"
Learner199,"['pdf', 'images', 'example']","['text', 'pdf', 'summeries']","['pdf', 'videos', 'text']","['summeries', 'annimation', 'outlines']","['outlines', 'text', 'annimation']"
Learner200,"['text', 'quiz', 'images']","['example', 'text', 'annimation']","['example', 'annimation', 'text']","['summeries', 'annimation', 'images']","['text', 'annimation', 'images']"
Learner201,"['example', 'outlines', 'videos']","['pdf', 'example', 'images']","['text', 'pdf', 'charts']","['pdf', 'annimation', 'images']","['summeries', 'quiz', 'videos']"
Learner202,"['quiz', 'example', 'images']","['videos', 'pdf', 'text']","['text', 'outlines', 'example']","['videos', 'charts', 'text']","['videos', 'pdf', 'images']"
Learner203,"['charts', 'summeries', 'outlines']","['outlines', 'example', 'charts']","['images', 'outlines', 'videos']","['outlines', 'text', 'videos']","['outlines', 'charts', 'summeries']"
Learner204,"['text', 'annimation', 'example']","['charts', 'pdf', 'summeries']","['pdf', 'annimation', 'outlines']","['quiz', 'summeries', 'videos']","['summeries', 'images', 'example']"
Learner205,"['charts', 'videos', 'quiz']","['annimation', 'summeries', 'quiz']","['text', 'annimation', 'summeries']","['charts', 'pdf', 'quiz']","['example', 'outlines', 'pdf']"
Learner206,"['outlines', 'text', 'annimation']","['outlines', 'summeries', 'text']","['pdf', 'quiz', 'images']","['videos', 'summeries', 'text']","['quiz', 'text', 'charts']"
Learner207,"['pdf', 'example', 'summeries']","['outlines', 'charts', 'text']","['images', 'annimation', 'quiz']","['pdf', 'images', 'example']","['summeries', 'charts', 'text']"
Learner208,"['text', 'annimation', 'quiz']","['quiz', 'charts', 'text']","['outlines', 'summeries', 'example']","['videos', 'quiz', 'annimation']","['outlines', 'example', 'videos']"
Learner209,"['example', 'annimation', 'outlines']","['annimation', 'outlines', 'pdf']","['example', 'summeries', 'quiz']","['images', 'summeries', 'text']","['pdf', 'summeries', 'example']"
Learner210,"['videos', 'summeries', 'pdf']","['example', 'quiz', 'videos']","['text', 'summeries', 'quiz']","['quiz', 'images', 'videos']","['summeries', 'example', 'outlines']"
Learner211,"['videos', 'text', 'summeries']","['text', 'annimation', 'summeries']","['outlines', 'text', 'charts']","['quiz', 'outlines', 'example']","['quiz', 'summeries', 'outlines']"
Learner212,"['annimation', 'pdf', 'quiz']","['videos', 'text', 'charts']","['videos', 'charts', 'pdf']","['charts', 'annimation', 'example']","['example', 'text', 'annimation']"
Learner213,"['text', 'annimation', 'charts']","['summeries', 'outlines', 'example']","['images', 'charts', 'annimation']","['outlines', 'summeries', 'annimation']","['charts', 'pdf', 'summeries']"
Learner214,"['videos', 'quiz', 'outlines']","['summeries', 'outlines', 'quiz']","['pdf', 'summeries', 'videos']","['pdf', 'images', 'text']","['outlines', 'example', 'annimation']"
Learner215,"['annimation', 'summeries', 'videos']","['quiz', 'images', 'charts']","['videos', 'annimation', 'text']","['annimation', 'charts', 'pdf']","['annimation', 'text', 'example']"
Learner216,"['outlines', 'pdf', 'images']","['quiz', 'text', 'charts']","['outlines', 'images', 'charts']","['charts', 'example', 'annimation']","['quiz', 'videos', 'outlines']"
Learner217,"['images', 'outlines', 'summeries']","['images', 'videos', 'pdf']","['summeries', 'outlines', 'quiz']","['charts', 'annimation', 'pdf']","['summeries', 'images', 'charts']"
Learner218,"['outlines', 'charts', 'annimation']","['pdf', 'summeries', 'images']","['pdf', 'charts', 'videos']","['quiz', 'annimation', 'summeries']","['text', 'summeries', 'images']"
Learner219,"['annimation', 'example', 'outlines']","['annimation', 'images', 'summeries']","['outlines', 'pdf', 'example']","['example', 'text', 'images']","['annimation', 'quiz', 'summeries']"
Learner220,"['outlines', 'annimation', 'quiz']","['outlines', 'text', 'quiz']","['videos', 'example', 'text']","['images', 'summeries', 'annimation']","['text', 'charts', 'outlines']"
Learner221,"['pdf', 'charts', 'images']","['annimation', 'example', 'summeries']","['summeries', 'quiz', 'videos']","['quiz', 'pdf', 'annimation']","['example', 'summeries', 'charts']"
Learner222,"['videos', 'pdf', 'charts']","['pdf', 'videos', 'charts']","['outlines', 'annimation', 'quiz']","['pdf', 'quiz', 'summeries']","['example', 'quiz', 'pdf']"
Learner223,"['example', 'annimation', 'text']","['summeries', 'text', 'videos']","['quiz', 'videos', 'pdf']","['text', 'example', 'outlines']","['charts', 'quiz', 'example']"
Learner224,"['example', 'pdf', 'quiz']","['pdf', 'outlines', 'example']","['example', 'quiz', 'charts']","['example', 'annimation', 'videos']","['annimation', 'outlines', 'text']"
Learner225,"['annimation', 'quiz', 'videos']","['charts', 'text', 'pdf']","['charts', 'annimation', 'videos']","['text', 'quiz', 'annimation']","['annimation', 'pdf', 'summeries']"
Learner226,"['text', 'videos', 'quiz']","['example', 'images', 'text']","['images', 'videos', 'outlines']","['quiz', 'outlines', 'annimation']","['summeries', 'charts', 'videos']"
Learner227,"['text', 'charts', 'images']","['text', 'outlines', 'quiz']","['quiz', 'videos', 'text']","['outlines', 'summeries', 'images']","['outlines', 'quiz', 'example']"
Learner228,"['images', 'summeries', 'videos']","['outlines', 'quiz', 'pdf']","['outlines', 'text', 'pdf']","['example', 'annimation', 'text']","['annimation', 'images', 'quiz']"
Learner229,"['charts', 'pdf', 'example']","['images', 'annimation', 'charts']","['charts', 'images', 'summeries']","['charts', 'videos', 'summeries']","['summeries', 'videos', 'outlines']"
Learner230,"['quiz', 'images', 'annimation']","['text', 'summeries', 'pdf']","['text', 'images', 'outlines']","['annimation', 'summeries', 'images']","['videos', 'charts', 'text']"
Learner231,"['outlines', 'summeries', 'videos']","['videos', 'annimation', 'example']","['text', 'quiz', 'images']","['videos', 'text', 'summeries']","['charts', 'quiz', 'example']"
Learner232,"['text', 'pdf', 'charts']","['images', 'summeries', 'pdf']","['example', 'text', 'summeries']","['annimation', 'images', 'charts']","['pdf', 'outlines', 'summeries']"
Learner233,"['text', 'videos', 'pdf']","['outlines', 'annimation', 'quiz']","['charts', 'text', 'quiz']","['example', 'outlines', 'annimation']","['outlines', 'images', 'annimation']"
Learner234,"['quiz', 'example', 'videos']","['outlines', 'text', 'videos']","['quiz', 'images', 'pdf']","['quiz', 'outlines', 'example']","['videos', 'outlines', 'text']"
Learner235,"['summeries', 'example', 'text']","['quiz', 'example', 'images']","['example', 'pdf', 'videos']","['charts', 'images', 'summeries']","['text', 'example', 'pdf']"
Learner236,"['images', 'quiz', 'outlines']","['summeries', 'videos', 'outlines']","['annimation', 'charts', 'quiz']","['summeries', 'annimation', 'images']","['outlines', 'videos', 'example']"
Learner237,"['text', 'images', 'charts']","['images', 'summeries', 'example']","['pdf', 'images', 'charts']","['example', 'annimation', 'summeries']","['annimation', 'quiz', 'charts']"
Learner238,"['pdf', 'quiz', 'annimation']","['summeries', 'annimation', 'videos']","['summeries', 'quiz', 'videos']","['annimation', 'outlines', 'pdf']","['images', 'videos', 'text']"
Learner239,"['example', 'annimation', 'images']","['quiz', 'images', 'example']","['annimation', 'images', 'videos']","['outlines', 'pdf', 'quiz']","['outlines', 'annimation', 'pdf']"
Learner240,"['quiz', 'summeries', 'pdf']","['images', 'text', 'quiz']","['charts', 'outlines', 'images']","['example', 'images', 'charts']","['annimation', 'quiz', 'summeries']"
Learner241,"['charts', 'videos', 'text']","['summeries', 'text', 'outlines']","['charts', 'example', 'videos']","['summeries', 'quiz', 'videos']","['example', 'summeries', 'pdf']"
Learner242,"['quiz', 'annimation', 'example']","['example', 'annimation', 'text']","['summeries', 'pdf', 'quiz']","['pdf', 'summeries', 'annimation']","['pdf', 'outlines', 'images']"
Learner243,"['images', 'pdf', 'videos']","['text', 'annimation', 'videos']","['outlines', 'quiz', 'summeries']","['text', 'quiz', 'summeries']","['quiz', 'pdf', 'images']"
Learner244,"['images', 'text', 'charts']","['annimation', 'pdf', 'charts']","['example', 'images', 'annimation']","['charts', 'outlines', 'images']","['images', 'charts', 'videos']"
Learner245,"['text', 'images', 'outlines']","['example', 'text', 'images']","['images', 'annimation', 'example']","['videos', 'example', 'text']","['example', 'charts', 'videos']"
Learner246,"['outlines', 'charts', 'example']","['videos', 'example', 'summeries']","['images', 'outlines', 'videos']","['annimation', 'outlines', 'example']","['pdf', 'annimation', 'example']"
Learner247,"['videos', 'quiz', 'pdf']","['outlines', 'videos', 'example']","['quiz', 'pdf', 'summeries']","['pdf', 'charts', 'images']","['images', 'example', 'charts']"
Learner248,"['quiz', 'outlines', 'summeries']","['quiz', 'example', 'text']","['quiz', 'charts', 'summeries']","['quiz', 'pdf', 'charts']","['summeries', 'pdf', 'videos']"
Learner249,"['text', 'outlines', 'quiz']","['annimation', 'text', 'images']","['quiz', 'videos', 'summeries']","['summeries', 'videos', 'images']","['images', 'text', 'quiz']"
Learner250,"['annimation', 'videos', 'summeries']","['quiz', 'annimation', 'images']","['text', 'quiz', 'pdf']","['annimation', 'example', 'pdf']","['quiz', 'outlines', 'annimation']"
Learner251,"['images', 'example', 'text']","['images', 'outlines', 'videos']","['quiz', 'outlines', 'annimation']","['example', 'charts', 'annimation']","['summeries', 'pdf', 'images']"
Learner252,"['images', 'outlines', 'charts']","['quiz', 'text', 'pdf']","['charts', 'images', 'text']","['outlines', 'summeries', 'charts']","['outlines', 'annimation', 'images']"
Learner253,"['example', 'quiz', 'videos']","['videos', 'pdf', 'charts']","['quiz', 'charts', 'outlines']","['quiz', 'images', 'example']","['videos', 'text', 'outlines']"
Learner254,"['pdf', 'quiz', 'example']","['text', 'quiz', 'annimation']","['quiz', 'charts', 'text']","['charts', 'pdf', 'example']","['pdf', 'summeries', 'quiz']"
Learner255,"['images', 'annimation', 'example']","['text', 'quiz', 'videos']","['text', 'annimation', 'videos']","['videos', 'example', 'charts']","['outlines', 'images', 'charts']"
Learner256,"['pdf', 'videos', 'example']","['example', 'outlines', 'videos']","['annimation', 'outlines', 'pdf']","['annimation', 'example', 'outlines']","['charts', 'summeries', 'pdf']"
Learner257,"['text', 'charts', 'annimation']","['quiz', 'pdf', 'outlines']","['text', 'annimation', 'videos']","['annimation', 'quiz', 'text']","['charts', 'summeries', 'pdf']"
Learner258,"['images', 'outlines', 'charts']","['videos', 'outlines', 'quiz']","['annimation', 'pdf', 'text']","['summeries', 'images', 'example']","['text', 'pdf', 'charts']"
Learner259,"['videos', 'images', 'example']","['text', 'charts', 'example']","['outlines', 'charts', 'annimation']","['outlines', 'quiz', 'images']","['videos', 'annimation', 'summeries']"
Learner260,"['videos', 'annimation', 'charts']","['videos', 'example', 'charts']","['images', 'outlines', 'pdf']","['quiz', 'annimation', 'images']","['example', 'annimation', 'outlines']"
Learner261,"['annimation', 'quiz', 'pdf']","['text', 'example', 'videos']","['text', 'pdf', 'summeries']","['pdf', 'videos', 'quiz']","['outlines', 'text', 'quiz']"
Learner262,"['pdf', 'quiz', 'summeries']","['example', 'outlines', 'annimation']","['annimation', 'pdf', 'example']","['summeries', 'charts', 'annimation']","['pdf', 'quiz', 'example']"
Learner263,"['outlines', 'charts', 'example']","['videos', 'annimation', 'pdf']","['outlines', 'videos', 'pdf']","['annimation', 'text', 'outlines']","['images', 'charts', 'text']"
Learner264,"['videos', 'outlines', 'quiz']","['charts', 'outlines', 'annimation']","['quiz', 'text', 'pdf']","['text', 'annimation', 'images']","['summeries', 'outlines', 'images']"
Learner265,"['pdf', 'annimation', 'example']","['pdf', 'text', 'charts']","['charts', 'example', 'videos']","['pdf', 'videos', 'charts']","['charts', 'text', 'annimation']"
Learner266,"['charts', 'images', 'annimation']","['videos', 'images', 'annimation']","['images', 'videos', 'text']","['charts', 'quiz', 'pdf']","['quiz', 'outlines', 'annimation']"
Learner267,"['images', 'outlines', 'text']","['outlines', 'text', 'annimation']","['images', 'summeries', 'charts']","['quiz', 'text', 'outlines']","['images', 'annimation', 'example']"
Learner268,"['example', 'images', 'text']","['videos', 'example', 'summeries']","['summeries', 'example', 'images']","['outlines', 'charts', 'quiz']","['annimation', 'videos', 'text']"
Learner269,"['outlines', 'summeries', 'videos']","['outlines', 'videos', 'summeries']","['quiz', 'images', 'videos']","['pdf', 'example', 'quiz']","['example', 'text', 'quiz']"
Learner270,"['charts', 'text', 'outlines']","['example', 'charts', 'summeries']","['summeries', 'images', 'annimation']","['quiz', 'images', 'outlines']","['example', 'summeries', 'outlines']"
Learner271,"['summeries', 'annimation', 'images']","['example', 'quiz', 'videos']","['quiz', 'text', 'example']","['example', 'outlines', 'summeries']","['charts', 'quiz', 'videos']"
Learner272,"['charts', 'quiz', 'pdf']","['summeries', 'annimation', 'example']","['annimation', 'summeries', 'charts']","['summeries', 'charts', 'outlines']","['example', 'summeries', 'text']"
Learner273,"['text', 'example', 'videos']","['outlines', 'quiz', 'images']","['quiz', 'pdf', 'example']","['quiz', 'example', 'text']","['summeries', 'annimation', 'text']"
Learner274,"['quiz', 'summeries', 'images']","['quiz', 'text', 'outlines']","['summeries', 'outlines', 'pdf']","['summeries', 'charts', 'images']","['charts', 'videos', 'summeries']"
Learner275,"['example', 'quiz', 'outlines']","['outlines', 'charts', 'summeries']","['annimation', 'quiz', 'example']","['annimation', 'pdf', 'example']","['pdf', 'charts', 'outlines']"
Learner276,"['example', 'quiz', 'pdf']","['charts', 'videos', 'summeries']","['annimation', 'example', 'summeries']","['annimation', 'example', 'charts']","['images', 'annimation', 'charts']"
Learner277,"['pdf', 'quiz', 'example']","['quiz', 'charts', 'images']","['videos', 'outlines', 'images']","['images', 'quiz', 'pdf']","['videos', 'text', 'pdf']"
Learner278,"['videos', 'quiz', 'annimation']","['pdf', 'text', 'outlines']","['annimation', 'outlines', 'summeries']","['quiz', 'summeries', 'outlines']","['charts', 'videos', 'quiz']"
Learner279,"['text', 'images', 'example']","['charts', 'videos', 'example']","['example', 'quiz', 'videos']","['text', 'pdf', 'example']","['quiz', 'outlines', 'annimation']"
Learner280,"['example', 'quiz', 'videos']","['text', 'quiz', 'images']","['pdf', 'videos', 'quiz']","['videos', 'images', 'summeries']","['videos', 'annimation', 'text']"
Learner281,"['outlines', 'quiz', 'summeries']","['pdf', 'text', 'annimation']","['summeries', 'outlines', 'pdf']","['text', 'videos', 'pdf']","['text', 'annimation', 'videos']"
Learner282,"['videos', 'annimation', 'charts']","['quiz', 'pdf', 'summeries']","['summeries', 'videos', 'outlines']","['annimation', 'quiz', 'images']","['quiz', 'pdf', 'charts']"
Learner283,"['quiz', 'example', 'images']","['images', 'text', 'videos']","['annimation', 'summeries', 'charts']","['charts', 'outlines', 'videos']","['text', 'videos', 'example']"
Learner284,"['outlines', 'images', 'quiz']","['pdf', 'charts', 'images']","['outlines', 'quiz', 'videos']","['charts', 'annimation', 'images']","['annimation', 'text', 'charts']"
Learner285,"['text', 'pdf', 'charts']","['text', 'outlines', 'pdf']","['text', 'annimation', 'example']","['quiz', 'summeries', 'charts']","['example', 'outlines', 'pdf']"
Learner286,"['text', 'outlines', 'pdf']","['example', 'images', 'summeries']","['summeries', 'text', 'charts']","['quiz', 'videos', 'charts']","['outlines', 'videos', 'example']"
Learner287,"['images', 'pdf', 'outlines']","['images', 'summeries', 'example']","['charts', 'annimation', 'summeries']","['example', 'text', 'outlines']","['outlines', 'annimation', 'quiz']"
Learner288,"['quiz', 'annimation', 'pdf']","['text', 'outlines', 'charts']","['summeries', 'example', 'pdf']","['images', 'example', 'quiz']","['example', 'charts', 'videos']"
Learner289,"['outlines', 'text', 'pdf']","['images', 'text', 'outlines']","['videos', 'images', 'pdf']","['outlines', 'pdf', 'charts']","['annimation', 'text', 'outlines']"
Learner290,"['videos', 'pdf', 'quiz']","['quiz', 'videos', 'text']","['text', 'images', 'videos']","['charts', 'summeries', 'pdf']","['pdf', 'summeries', 'annimation']"
Learner291,"['charts', 'pdf', 'videos']","['outlines', 'text', 'images']","['quiz', 'annimation', 'pdf']","['example', 'videos', 'summeries']","['images', 'videos', 'outlines']"
Learner292,"['summeries', 'annimation', 'charts']","['pdf', 'outlines', 'text']","['example', 'annimation', 'images']","['images', 'quiz', 'videos']","['charts', 'videos', 'outlines']"
Learner293,"['charts', 'outlines', 'summeries']","['quiz', 'images', 'summeries']","['videos', 'summeries', 'charts']","['videos', 'quiz', 'pdf']","['charts', 'summeries', 'quiz']"
Learner294,"['quiz', 'images', 'outlines']","['summeries', 'annimation', 'text']","['images', 'summeries', 'quiz']","['example', 'outlines', 'videos']","['videos', 'images', 'annimation']"
Learner295,"['example', 'annimation', 'charts']","['text', 'summeries', 'images']","['quiz', 'charts', 'example']","['text', 'pdf', 'videos']","['pdf', 'text', 'example']"
Learner296,"['videos', 'text', 'quiz']","['pdf', 'videos', 'charts']","['annimation', 'text', 'outlines']","['quiz', 'example', 'outlines']","['pdf', 'outlines', 'annimation']"
Learner297,"['summeries', 'images', 'outlines']","['pdf', 'videos', 'example']","['example', 'videos', 'quiz']","['annimation', 'pdf', 'quiz']","['text', 'videos', 'example']"
Learner298,"['annimation', 'summeries', 'images']","['charts', 'videos', 'example']","['quiz', 'summeries', 'videos']","['images', 'outlines', 'annimation']","['quiz', 'summeries', 'pdf']"
Learner299,"['quiz', 'charts', 'example']","['videos', 'annimation', 'quiz']","['pdf', 'videos', 'charts']","['annimation', 'charts', 'summeries']","['text', 'annimation', 'summeries']"
Learner300,"['annimation', 'example', 'charts']","['images', 'summeries', 'annimation']","['images', 'example', 'charts']","['images', 'example', 'summeries']","['videos', 'example', 'annimation']"
Learner301,"['charts', 'videos', 'example']","['text', 'videos', 'charts']","['annimation', 'videos', 'example']","['example', 'images', 'quiz']","['annimation', 'videos', 'quiz']"
Learner302,"['annimation', 'quiz', 'outlines']","['charts', 'annimation', 'pdf']","['outlines', 'images', 'videos']","['charts', 'text', 'example']","['quiz', 'charts', 'videos']"
Learner303,"['images', 'summeries', 'charts']","['quiz', 'text', 'example']","['pdf', 'summeries', 'annimation']","['summeries', 'text', 'outlines']","['summeries', 'videos', 'annimation']"
Learner304,"['videos', 'pdf', 'annimation']","['summeries', 'videos', 'pdf']","['summeries', 'pdf', 'charts']","['text', 'annimation', 'summeries']","['pdf', 'annimation', 'outlines']"
Learner305,"['example', 'videos', 'images']","['quiz', 'text', 'summeries']","['pdf', 'quiz', 'summeries']","['charts', 'summeries', 'annimation']","['images', 'videos', 'summeries']"
Learner306,"['outlines', 'quiz', 'images']","['images', 'summeries', 'example']","['annimation', 'text', 'videos']","['videos', 'charts', 'summeries']","['outlines', 'videos', 'pdf']"
Learner307,"['videos', 'text', 'summeries']","['summeries', 'images', 'videos']","['videos', 'example', 'outlines']","['charts', 'videos', 'example']","['outlines', 'annimation', 'charts']"
Learner308,"['quiz', 'example', 'pdf']","['videos', 'charts', 'example']","['videos', 'charts', 'pdf']","['outlines', 'example', 'text']","['quiz', 'outlines', 'example']"
Learner309,"['annimation', 'outlines', 'charts']","['images', 'videos', 'example']","['videos', 'summeries', 'charts']","['charts', 'quiz', 'pdf']","['annimation', 'summeries', 'images']"
Learner310,"['outlines', 'summeries', 'example']","['outlines', 'pdf', 'videos']","['text', 'images', 'annimation']","['images', 'annimation', 'outlines']","['charts', 'quiz', 'videos']"
Learner311,"['summeries', 'text', 'charts']","['pdf', 'videos', 'example']","['charts', 'outlines', 'quiz']","['videos', 'summeries', 'pdf']","['outlines', 'images', 'pdf']"
Learner312,"['pdf', 'outlines', 'summeries']","['outlines', 'example', 'charts']","['text', 'annimation', 'videos']","['quiz', 'videos', 'outlines']","['text', 'charts', 'outlines']"
Learner313,"['quiz', 'example', 'videos']","['example', 'quiz', 'outlines']","['outlines', 'pdf', 'text']","['images', 'pdf', 'charts']","['text', 'example', 'summeries']"
Learner314,"['videos', 'images', 'charts']","['annimation', 'quiz', 'summeries']","['annimation', 'pdf', 'outlines']","['videos', 'example', 'quiz']","['videos', 'images', 'example']"
Learner315,"['text', 'summeries', 'example']","['summeries', 'outlines', 'annimation']","['example', 'annimation', 'summeries']","['outlines', 'charts', 'videos']","['example', 'text', 'annimation']"
Learner316,"['pdf', 'text', 'example']","['videos', 'outlines', 'pdf']","['pdf', 'images', 'outlines']","['text', 'quiz', 'pdf']","['text', 'quiz', 'outlines']"
Learner317,"['outlines', 'text', 'example']","['images', 'outlines', 'summeries']","['text', 'charts', 'quiz']","['videos', 'images', 'quiz']","['videos', 'quiz', 'annimation']"
Learner318,"['videos', 'outlines', 'quiz']","['example', 'images', 'charts']","['outlines', 'pdf', 'example']","['text', 'videos', 'outlines']","['annimation', 'charts', 'outlines']"
Learner319,"['videos', 'pdf', 'text']","['pdf', 'summeries', 'outlines']","['pdf', 'images', 'charts']","['annimation', 'images', 'example']","['outlines', 'summeries', 'example']"
Learner320,"['example', 'images', 'charts']","['quiz', 'example', 'pdf']","['summeries', 'annimation', 'charts']","['outlines', 'example', 'quiz']","['outlines', 'pdf', 'annimation']"
Learner321,"['quiz', 'summeries', 'charts']","['annimation', 'quiz', 'example']","['images', 'videos', 'outlines']","['text', 'quiz', 'example']","['outlines', 'text', 'annimation']"
Learner322,"['summeries', 'outlines', 'annimation']","['annimation', 'videos', 'summeries']","['example', 'outlines', 'quiz']","['quiz', 'images', 'example']","['images', 'quiz', 'annimation']"
Learner323,"['text', 'annimation', 'videos']","['example', 'videos', 'summeries']","['quiz', 'text', 'summeries']","['pdf', 'quiz', 'videos']","['text', 'images', 'videos']"
Learner324,"['summeries', 'images', 'charts']","['summeries', 'charts', 'annimation']","['charts', 'images', 'videos']","['charts', 'summeries', 'quiz']","['example', 'summeries', 'videos']"
Learner325,"['summeries', 'example', 'outlines']","['videos', 'outlines', 'charts']","['pdf', 'example', 'images']","['charts', 'example', 'outlines']","['pdf', 'charts', 'example']"
Learner326,"['example', 'charts', 'text']","['example', 'images', 'charts']","['videos', 'text', 'summeries']","['images', 'example', 'summeries']","['annimation', 'pdf', 'quiz']"
Learner327,"['videos', 'charts', 'images']","['annimation', 'videos', 'charts']","['outlines', 'videos', 'annimation']","['annimation', 'example', 'images']","['videos', 'summeries', 'pdf']"
Learner328,"['outlines', 'example', 'quiz']","['text', 'videos', 'quiz']","['outlines', 'quiz', 'images']","['videos', 'quiz', 'outlines']","['outlines', 'annimation', 'summeries']"
Learner329,"['charts', 'example', 'pdf']","['example', 'outlines', 'annimation']","['text', 'quiz', 'annimation']","['annimation', 'charts', 'pdf']","['videos', 'text', 'example']"
Learner330,"['summeries', 'annimation', 'images']","['videos', 'quiz', 'annimation']","['images', 'quiz', 'summeries']","['videos', 'annimation', 'images']","['example', 'outlines', 'quiz']"
Learner331,"['videos', 'outlines', 'charts']","['outlines', 'annimation', 'pdf']","['videos', 'annimation', 'images']","['charts', 'quiz', 'videos']","['charts', 'quiz', 'example']"
Learner332,"['example', 'quiz', 'charts']","['summeries', 'outlines', 'pdf']","['images', 'videos', 'outlines']","['example', 'videos', 'outlines']","['summeries', 'images', 'charts']"
Learner333,"['example', 'text', 'pdf']","['videos', 'outlines', 'charts']","['example', 'text', 'videos']","['images', 'pdf', 'videos']","['images', 'annimation', 'example']"
Learner334,"['images', 'summeries', 'videos']","['summeries', 'pdf', 'example']","['example', 'charts', 'videos']","['images', 'example', 'outlines']","['annimation', 'quiz', 'images']"
Learner335,"['quiz', 'pdf', 'summeries']","['videos', 'text', 'outlines']","['example', 'outlines', 'charts']","['text', 'example', 'videos']","['outlines', 'videos', 'annimation']"
Learner336,"['text', 'annimation', 'quiz']","['quiz', 'videos', 'pdf']","['videos', 'summeries', 'text']","['example', 'text', 'charts']","['charts', 'annimation', 'videos']"
Learner337,"['pdf', 'annimation', 'text']","['example', 'charts', 'outlines']","['quiz', 'pdf', 'charts']","['videos', 'summeries', 'text']","['pdf', 'outlines', 'images']"
Learner338,"['quiz', 'pdf', 'example']","['outlines', 'annimation', 'text']","['text', 'annimation', 'outlines']","['text', 'outlines', 'annimation']","['outlines', 'example', 'charts']"
Learner339,"['example', 'annimation', 'outlines']","['text', 'quiz', 'annimation']","['example', 'charts', 'summeries']","['videos', 'example', 'quiz']","['example', 'quiz', 'pdf']"
Learner340,"['example', 'videos', 'outlines']","['summeries', 'outlines', 'images']","['summeries', 'images', 'charts']","['quiz', 'text', 'videos']","['summeries', 'quiz', 'example']"
Learner341,"['annimation', 'outlines', 'videos']","['outlines', 'annimation', 'example']","['summeries', 'pdf', 'annimation']","['example', 'charts', 'text']","['summeries', 'quiz', 'pdf']"
Learner342,"['pdf', 'example', 'text']","['text', 'charts', 'videos']","['outlines', 'summeries', 'quiz']","['summeries', 'videos', 'annimation']","['images', 'example', 'text']"
Learner343,"['annimation', 'outlines', 'quiz']","['quiz', 'images', 'pdf']","['videos', 'outlines', 'pdf']","['images', 'pdf', 'example']","['charts', 'annimation', 'text']"
Learner344,"['outlines', 'annimation', 'example']","['quiz', 'text', 'annimation']","['summeries', 'outlines', 'pdf']","['pdf', 'videos', 'text']","['annimation', 'quiz', 'example']"
Learner345,"['annimation', 'quiz', 'pdf']","['videos', 'pdf', 'images']","['outlines', 'pdf', 'summeries']","['summeries', 'pdf', 'charts']","['summeries', 'example', 'images']"
Learner346,"['example', 'quiz', 'annimation']","['pdf', 'images', 'charts']","['pdf', 'outlines', 'charts']","['summeries', 'images', 'videos']","['quiz', 'text', 'summeries']"
Learner347,"['images', 'charts', 'outlines']","['summeries', 'text', 'charts']","['example', 'charts', 'summeries']","['images', 'quiz', 'example']","['outlines', 'annimation', 'quiz']"
Learner348,"['annimation', 'charts', 'example']","['pdf', 'videos', 'summeries']","['annimation', 'text', 'quiz']","['videos', 'text', 'images']","['videos', 'summeries', 'pdf']"
Learner349,"['images', 'outlines', 'example']","['pdf', 'charts', 'text']","['images', 'example', 'summeries']","['pdf', 'quiz', 'images']","['pdf', 'outlines', 'charts']"
Learner350,"['images', 'text', 'annimation']","['text', 'images', 'videos']","['quiz', 'images', 'pdf']","['example', 'charts', 'pdf']","['annimation', 'text', 'charts']"
Learner351,"['images', 'example', 'annimation']","['charts', 'summeries', 'quiz']","['images', 'text', 'outlines']","['example', 'quiz', 'summeries']","['charts', 'summeries', 'example']"
Learner352,"['charts', 'summeries', 'pdf']","['example', 'annimation', 'outlines']","['summeries', 'quiz', 'images']","['summeries', 'quiz', 'annimation']","['videos', 'example', 'quiz']"
Learner353,"['example', 'images', 'quiz']","['annimation', 'videos', 'images']","['annimation', 'pdf', 'outlines']","['annimation', 'example', 'charts']","['charts', 'images', 'text']"
Learner354,"['videos', 'pdf', 'charts']","['summeries', 'annimation', 'text']","['example', 'summeries', 'images']","['text', 'quiz', 'pdf']","['images', 'summeries', 'quiz']"
Learner355,"['summeries', 'example', 'outlines']","['outlines', 'images', 'quiz']","['quiz', 'outlines', 'summeries']","['annimation', 'videos', 'text']","['quiz', 'text', 'charts']"
Learner356,"['text', 'images', 'quiz']","['summeries', 'example', 'images']","['outlines', 'videos', 'images']","['summeries', 'text', 'videos']","['text', 'images', 'example']"
Learner357,"['videos', 'summeries', 'text']","['text', 'quiz', 'example']","['videos', 'outlines', 'annimation']","['outlines', 'example', 'quiz']","['example', 'images', 'videos']"
Learner358,"['videos', 'annimation', 'images']","['summeries', 'pdf', 'quiz']","['text', 'outlines', 'charts']","['charts', 'example', 'videos']","['summeries', 'text', 'outlines']"
Learner359,"['annimation', 'pdf', 'images']","['pdf', 'summeries', 'videos']","['images', 'charts', 'summeries']","['text', 'annimation', 'outlines']","['videos', 'images', 'pdf']"
Learner360,"['videos', 'example', 'images']","['example', 'text', 'charts']","['pdf', 'images', 'quiz']","['summeries', 'pdf', 'quiz']","['text', 'quiz', 'summeries']"
Learner361,"['charts', 'quiz', 'text']","['charts', 'text', 'annimation']","['summeries', 'example', 'images']","['example', 'charts', 'text']","['charts', 'outlines', 'quiz']"
Learner362,"['videos', 'pdf', 'charts']","['annimation', 'quiz', 'images']","['outlines', 'pdf', 'charts']","['summeries', 'videos', 'outlines']","['annimation', 'images', 'outlines']"
Learner363,"['outlines', 'charts', 'images']","['example', 'summeries', 'quiz']","['videos', 'summeries', 'pdf']","['annimation', 'videos', 'text']","['example', 'quiz', 'images']"
Learner364,"['quiz', 'text', 'images']","['outlines', 'text', 'videos']","['example', 'annimation', 'charts']","['quiz', 'pdf', 'summeries']","['annimation', 'example', 'summeries']"
Learner365,"['images', 'quiz', 'videos']","['summeries', 'charts', 'example']","['pdf', 'text', 'example']","['images', 'videos', 'pdf']","['quiz', 'charts', 'videos']"
Learner366,"['outlines', 'quiz', 'pdf']","['quiz', 'images', 'text']","['example', 'images', 'outlines']","['annimation', 'outlines', 'charts']","['quiz', 'charts', 'example']"
Learner367,"['videos', 'outlines', 'annimation']","['charts', 'outlines', 'text']","['images', 'outlines', 'text']","['summeries', 'pdf', 'charts']","['annimation', 'example', 'videos']"
Learner368,"['charts', 'annimation', 'outlines']","['images', 'annimation', 'text']","['annimation', 'pdf', 'quiz']","['text', 'example', 'annimation']","['videos', 'example', 'pdf']"
Learner369,"['annimation', 'outlines', 'summeries']","['charts', 'images', 'outlines']","['videos', 'images', 'outlines']","['annimation', 'example', 'text']","['outlines', 'example', 'videos']"
Learner370,"['images', 'videos', 'summeries']","['summeries', 'images', 'videos']","['outlines', 'videos', 'pdf']","['quiz', 'text', 'videos']","['example', 'charts', 'summeries']"
Learner371,"['pdf', 'images', 'videos']","['charts', 'example', 'summeries']","['pdf', 'videos', 'summeries']","['annimation', 'outlines', 'videos']","['charts', 'outlines', 'example']"
Learner372,"['videos', 'images', 'pdf']","['annimation', 'example', 'charts']","['outlines', 'annimation', 'summeries']","['annimation', 'quiz', 'summeries']","['images', 'charts', 'outlines']"
Learner373,"['annimation', 'charts', 'pdf']","['summeries', 'text', 'charts']","['text', 'charts', 'outlines']","['summeries', 'outlines', 'quiz']","['outlines', 'quiz', 'images']"
Learner374,"['pdf', 'charts', 'summeries']","['annimation', 'pdf', 'videos']","['quiz', 'example', 'pdf']","['summeries', 'images', 'outlines']","['example', 'annimation', 'images']"
Learner375,"['images', 'annimation', 'outlines']","['images', 'quiz', 'summeries']","['charts', 'example', 'outlines']","['pdf', 'charts', 'text']","['charts', 'example', 'outlines']"
Learner376,"['charts', 'example', 'images']","['quiz', 'annimation', 'example']","['images', 'example', 'quiz']","['outlines', 'example', 'annimation']","['charts', 'videos', 'pdf']"
Learner377,"['outlines', 'example', 'quiz']","['videos', 'pdf', 'images']","['annimation', 'videos', 'summeries']","['summeries', 'images', 'example']","['videos', 'images', 'outlines']"
Learner378,"['text', 'outlines', 'images']","['images', 'outlines', 'pdf']","['quiz', 'pdf', 'example']","['annimation', 'charts', 'pdf']","['text', 'annimation', 'outlines']"
Learner379,"['charts', 'videos', 'images']","['summeries', 'example', 'pdf']","['example', 'charts', 'outlines']","['images', 'summeries', 'videos']","['text', 'pdf', 'example']"
Learner380,"['annimation', 'images', 'outlines']","['example', 'outlines', 'summeries']","['images', 'summeries', 'text']","['quiz', 'example', 'annimation']","['text', 'example', 'pdf']"
Learner381,"['example', 'outlines', 'images']","['images', 'outlines', 'pdf']","['images', 'summeries', 'text']","['charts', 'example', 'quiz']","['charts', 'example', 'videos']"
Learner382,"['images', 'outlines', 'annimation']","['charts', 'example', 'text']","['text', 'annimation', 'example']","['charts', 'example', 'images']","['pdf', 'videos', 'images']"
Learner383,"['charts', 'outlines', 'pdf']","['quiz', 'videos', 'example']","['pdf', 'images', 'outlines']","['charts', 'pdf', 'outlines']","['videos', 'quiz', 'outlines']"
Learner384,"['pdf', 'text', 'annimation']","['example', 'quiz', 'images']","['example', 'pdf', 'outlines']","['text', 'quiz', 'images']","['charts', 'text', 'annimation']"
Learner385,"['quiz', 'pdf', 'annimation']","['charts', 'example', 'videos']","['annimation', 'text', 'images']","['videos', 'charts', 'example']","['summeries', 'videos', 'annimation']"
Learner386,"['example', 'outlines', 'summeries']","['charts', 'outlines', 'videos']","['outlines', 'pdf', 'videos']","['example', 'images', 'videos']","['text', 'images', 'example']"
Learner387,"['pdf', 'outlines', 'images']","['outlines', 'text', 'videos']","['charts', 'outlines', 'videos']","['annimation', 'text', 'images']","['text', 'quiz', 'summeries']"
Learner388,"['quiz', 'text', 'annimation']","['annimation', 'videos', 'summeries']","['quiz', 'images', 'annimation']","['quiz', 'summeries', 'pdf']","['annimation', 'videos', 'example']"
Learner389,"['quiz', 'example', 'outlines']","['pdf', 'outlines', 'summeries']","['pdf', 'quiz', 'text']","['quiz', 'images', 'videos']","['pdf', 'images', 'outlines']"
Learner390,"['annimation', 'images', 'pdf']","['annimation', 'charts', 'videos']","['videos', 'summeries', 'charts']","['charts', 'summeries', 'quiz']","['summeries', 'videos', 'charts']"
Learner391,"['summeries', 'example', 'videos']","['pdf', 'example', 'videos']","['charts', 'videos', 'annimation']","['videos', 'example', 'text']","['images', 'quiz', 'pdf']"
Learner392,"['images', 'pdf', 'text']","['outlines', 'annimation', 'charts']","['videos', 'example', 'quiz']","['pdf', 'text', 'videos']","['quiz', 'example', 'annimation']"
Learner393,"['text', 'annimation', 'videos']","['pdf', 'images', 'quiz']","['outlines', 'example', 'videos']","['outlines', 'quiz', 'text']","['example', 'summeries', 'charts']"
Learner394,"['quiz', 'images', 'outlines']","['pdf', 'text', 'example']","['outlines', 'quiz', 'videos']","['outlines', 'quiz', 'images']","['videos', 'pdf', 'images']"
Learner395,"['charts', 'quiz', 'example']","['annimation', 'outlines', 'text']","['summeries', 'charts', 'outlines']","['text', 'summeries', 'outlines']","['example', 'text', 'outlines']"
Learner396,"['outlines', 'example', 'summeries']","['text', 'quiz', 'outlines']","['outlines', 'charts', 'annimation']","['quiz', 'pdf', 'images']","['pdf', 'quiz', 'annimation']"
Learner397,"['pdf', 'videos', 'charts']","['example', 'pdf', 'images']","['summeries', 'annimation', 'quiz']","['annimation', 'pdf', 'outlines']","['charts', 'videos', 'images']"
Learner398,"['text', 'annimation', 'outlines']","['images', 'pdf', 'quiz']","['summeries', 'annimation', 'pdf']","['pdf', 'videos', 'example']","['example', 'quiz', 'text']"
Learner399,"['quiz', 'summeries', 'outlines']","['videos', 'outlines', 'example']","['quiz', 'outlines', 'annimation']","['outlines', 'annimation', 'text']","['quiz', 'images', 'example']"
Learner400,"['charts', 'images', 'videos']","['charts', 'summeries', 'text']","['pdf', 'annimation', 'charts']","['outlines', 'example', 'videos']","['images', 'pdf', 'annimation']"
Learner401,"['charts', 'example', 'videos']","['example', 'quiz', 'charts']","['pdf', 'images', 'outlines']","['videos', 'outlines', 'example']","['text', 'quiz', 'images']"
Learner402,"['pdf', 'outlines', 'charts']","['charts', 'outlines', 'example']","['pdf', 'example', 'outlines']","['summeries', 'annimation', 'example']","['images', 'outlines', 'pdf']"
Learner403,"['outlines', 'summeries', 'text']","['example', 'videos', 'quiz']","['charts', 'videos', 'images']","['images', 'example', 'annimation']","['videos', 'images', 'text']"
Learner404,"['outlines', 'annimation', 'summeries']","['charts', 'outlines', 'text']","['example', 'videos', 'charts']","['summeries', 'charts', 'images']","['annimation', 'charts', 'summeries']"
Learner405,"['summeries', 'outlines', 'images']","['text', 'images', 'videos']","['annimation', 'summeries', 'images']","['text', 'charts', 'images']","['pdf', 'charts', 'text']"
Learner406,"['annimation', 'quiz', 'text']","['charts', 'videos', 'summeries']","['charts', 'images', 'text']","['images', 'charts', 'annimation']","['videos', 'pdf', 'text']"
Learner407,"['annimation', 'outlines', 'pdf']","['quiz', 'outlines', 'images']","['quiz', 'outlines', 'pdf']","['videos', 'images', 'quiz']","['charts', 'outlines', 'example']"
Learner408,"['example', 'videos', 'images']","['charts', 'example', 'quiz']","['example', 'outlines', 'charts']","['videos', 'charts', 'outlines']","['outlines', 'images', 'videos']"
Learner409,"['text', 'example', 'outlines']","['videos', 'quiz', 'images']","['images', 'text', 'pdf']","['summeries', 'outlines', 'pdf']","['outlines', 'text', 'quiz']"
Learner410,"['summeries', 'annimation', 'pdf']","['annimation', 'example', 'charts']","['videos', 'charts', 'text']","['videos', 'text', 'example']","['outlines', 'annimation', 'videos']"
Learner411,"['images', 'charts', 'videos']","['pdf', 'text', 'videos']","['quiz', 'annimation', 'outlines']","['pdf', 'annimation', 'outlines']","['charts', 'pdf', 'videos']"
Learner412,"['pdf', 'videos', 'images']","['annimation', 'images', 'pdf']","['quiz', 'summeries', 'charts']","['videos', 'example', 'summeries']","['pdf', 'quiz', 'videos']"
Learner413,"['pdf', 'example', 'charts']","['charts', 'pdf', 'text']","['outlines', 'images', 'videos']","['outlines', 'summeries', 'charts']","['text', 'outlines', 'annimation']"
Learner414,"['text', 'example', 'pdf']","['quiz', 'pdf', 'charts']","['outlines', 'videos', 'annimation']","['text', 'videos', 'summeries']","['outlines', 'videos', 'quiz']"
Learner415,"['videos', 'outlines', 'text']","['images', 'summeries', 'annimation']","['pdf', 'example', 'text']","['quiz', 'pdf', 'videos']","['outlines', 'images', 'text']"
Learner416,"['images', 'summeries', 'quiz']","['videos', 'charts', 'example']","['pdf', 'videos', 'outlines']","['pdf', 'summeries', 'images']","['outlines', 'pdf', 'example']"
Learner417,"['annimation', 'images', 'summeries']","['videos', 'images', 'annimation']","['videos', 'text', 'annimation']","['outlines', 'summeries', 'annimation']","['videos', 'summeries', 'example']"
Learner418,"['quiz', 'summeries', 'example']","['annimation', 'images', 'summeries']","['text', 'videos', 'outlines']","['quiz', 'summeries', 'example']","['pdf', 'videos', 'annimation']"
Learner419,"['text', 'images', 'summeries']","['summeries', 'text', 'annimation']","['images', 'text', 'outlines']","['text', 'example', 'charts']","['pdf', 'quiz', 'charts']"
Learner420,"['summeries', 'images', 'annimation']","['quiz', 'charts', 'videos']","['videos', 'pdf', 'quiz']","['text', 'images', 'example']","['summeries', 'images', 'text']"
Learner421,"['images', 'videos', 'quiz']","['annimation', 'quiz', 'text']","['example', 'videos', 'pdf']","['annimation', 'outlines', 'videos']","['text', 'quiz', 'summeries']"
Learner422,"['charts', 'annimation', 'videos']","['pdf', 'outlines', 'charts']","['summeries', 'text', 'example']","['summeries', 'example', 'annimation']","['annimation', 'images', 'outlines']"
Learner423,"['text', 'outlines', 'pdf']","['images', 'text', 'pdf']","['images', 'example', 'pdf']","['charts', 'example', 'videos']","['videos', 'example', 'images']"
Learner424,"['videos', 'summeries', 'charts']","['annimation', 'quiz', 'text']","['summeries', 'charts', 'images']","['annimation', 'summeries', 'charts']","['summeries', 'annimation', 'outlines']"
Learner425,"['text', 'images', 'summeries']","['example', 'outlines', 'summeries']","['pdf', 'annimation', 'videos']","['summeries', 'example', 'quiz']","['images', 'charts', 'summeries']"
Learner426,"['quiz', 'charts', 'annimation']","['images', 'summeries', 'example']","['pdf', 'outlines', 'images']","['text', 'charts', 'annimation']","['pdf', 'outlines', 'annimation']"
Learner427,"['outlines', 'videos', 'images']","['example', 'pdf', 'outlines']","['pdf', 'text', 'images']","['pdf', 'images', 'example']","['images', 'quiz', 'annimation']"
Learner428,"['outlines', 'quiz', 'example']","['annimation', 'summeries', 'text']","['text', 'example', 'pdf']","['images', 'quiz', 'annimation']","['videos', 'pdf', 'text']"
Learner429,"['pdf', 'charts', 'images']","['videos', 'summeries', 'charts']","['videos', 'annimation', 'outlines']","['text', 'quiz', 'annimation']","['summeries', 'quiz', 'text']"
Learner430,"['videos', 'images', 'quiz']","['quiz', 'pdf', 'images']","['outlines', 'example', 'charts']","['images', 'text', 'summeries']","['pdf', 'videos', 'outlines']"
Learner431,"['example', 'quiz', 'pdf']","['quiz', 'charts', 'summeries']","['example', 'annimation', 'pdf']","['videos', 'images', 'annimation']","['annimation', 'outlines', 'text']"
Learner432,"['annimation', 'text', 'charts']","['summeries', 'charts', 'pdf']","['pdf', 'charts', 'images']","['quiz', 'pdf', 'annimation']","['annimation', 'charts', 'images']"
Learner433,"['example', 'videos', 'annimation']","['example', 'charts', 'outlines']","['videos', 'images', 'pdf']","['images', 'charts', 'quiz']","['images', 'videos', 'charts']"
Learner434,"['images', 'annimation', 'charts']","['videos', 'summeries', 'example']","['example', 'pdf', 'charts']","['annimation', 'pdf', 'example']","['text', 'summeries', 'outlines']"
Learner435,"['pdf', 'charts', 'quiz']","['images', 'quiz', 'charts']","['text', 'example', 'quiz']","['videos', 'images', 'pdf']","['summeries', 'images', 'annimation']"
Learner436,"['text', 'charts', 'pdf']","['images', 'charts', 'videos']","['example', 'summeries', 'videos']","['charts', 'outlines', 'summeries']","['pdf', 'annimation', 'videos']"
Learner437,"['text', 'charts', 'pdf']","['summeries', 'pdf', 'text']","['summeries', 'pdf', 'videos']","['pdf', 'images', 'annimation']","['outlines', 'images', 'example']"
Learner438,"['outlines', 'quiz', 'text']","['annimation', 'images', 'text']","['outlines', 'summeries', 'quiz']","['charts', 'quiz', 'text']","['charts', 'outlines', 'quiz']"
Learner439,"['videos', 'example', 'summeries']","['charts', 'outlines', 'quiz']","['pdf', 'outlines', 'annimation']","['charts', 'annimation', 'quiz']","['pdf', 'images', 'quiz']"
Learner440,"['charts', 'outlines', 'example']","['text', 'pdf', 'quiz']","['outlines', 'example', 'charts']","['images', 'summeries', 'quiz']","['pdf', 'quiz', 'example']"
Learner441,"['quiz', 'charts', 'outlines']","['images', 'text', 'charts']","['videos', 'pdf', 'text']","['outlines', 'images', 'videos']","['text', 'example', 'outlines']"
Learner442,"['quiz', 'charts', 'images']","['pdf', 'text', 'videos']","['videos', 'annimation', 'text']","['text', 'summeries', 'outlines']","['summeries', 'pdf', 'example']"
Learner443,"['summeries', 'pdf', 'text']","['example', 'videos', 'quiz']","['videos', 'charts', 'images']","['text', 'pdf', 'charts']","['charts', 'images', 'text']"
Learner444,"['text', 'charts', 'videos']","['outlines', 'summeries', 'charts']","['outlines', 'images', 'example']","['outlines', 'videos', 'summeries']","['videos', 'summeries', 'quiz']"
Learner445,"['images', 'summeries', 'quiz']","['videos', 'text', 'images']","['images', 'videos', 'pdf']","['images', 'pdf', 'example']","['images', 'summeries', 'quiz']"
Learner446,"['videos', 'outlines', 'summeries']","['charts', 'outlines', 'images']","['example', 'annimation', 'pdf']","['images', 'text', 'charts']","['text', 'charts', 'videos']"
Learner447,"['annimation', 'pdf', 'example']","['example', 'videos', 'summeries']","['charts', 'quiz', 'example']","['outlines', 'charts', 'pdf']","['videos', 'annimation', 'charts']"
Learner448,"['outlines', 'charts', 'videos']","['pdf', 'example', 'summeries']","['videos', 'outlines', 'quiz']","['charts', 'pdf', 'annimation']","['quiz', 'images', 'charts']"
Learner449,"['images', 'example', 'charts']","['annimation', 'quiz', 'charts']","['images', 'quiz', 'annimation']","['pdf', 'example', 'summeries']","['outlines', 'charts', 'videos']"
